task,n,greedy_accuracy,mean_loss,std_loss,mean_prompt_tokens,mean_completion_tokens
gsm8k,5,0.2,0.38522996902465817,0.1711015718891077,86.6,64.4
strategyqa,5,0.4,9.28570613861084,0.8987219471591263,22.6,16.6
mmlu,9,0.5555555555555556,7.123758633931478,4.166223243051643,88.66666666666667,16.22222222222222
