task,sample_id,subject,source_index,loss,prompt_len,completion_len
gsm8k,0,,677,0.49636536836624146,146,86
gsm8k,1,,1046,0.35390982031822205,52,101
gsm8k,2,,610,0.23622965812683105,61,145
gsm8k,3,,49,0.22085443139076233,59,125
gsm8k,4,,1284,0.6187905669212341,115,118
