layer,gradient_conflict_rate,mean_rep_subspace_overlap,mean_rep_centroid_cosine,mean_cka
26,0.0,0.0764825628227971,0.8896131617743105,0.7777142063677371
27,0.0,0.07456717505045553,0.9000551327844278,0.7867445934450911
28,0.0,0.07153008683014977,0.9059668650566582,0.7903250296701795
29,0.0,0.079925559156703,0.9604303530018999,0.6896036708188539
30,0.0,0.08985103995385585,0.966673212309099,0.730713837084763
31,0.0,0.09695679042630097,0.9808544963705362,0.8763165944931895
