task_a,task_b,mean_subspace_overlap,mean_centroid_cosine,mean_cka
gsm8k,strategyqa,0.1254074975525022,0.8495091197642044,0.4703755602183515
gsm8k,mmlu,0.17458972808316242,0.9515091725730508,0.5197126100642664
strategyqa,gsm8k,,,
strategyqa,mmlu,0.21559402138894573,0.9471391199300394,0.7424598011109274
mmlu,gsm8k,,,
mmlu,strategyqa,,,
