{
  "task": "mmlu",
  "n_samples": 12,
  "clean_accuracy": 0.5833333333333334,
  "corrupt_accuracy": 0.5,
  "clean_mean_gold_logprob": -2.1651779214541116,
  "corrupt_mean_gold_logprob": -1.5454450448354085,
  "mean_logprob_delta": -0.6197328766187032,
  "mean_clean_tokens": 131.0,
  "mean_corrupt_tokens": 130.0
}