n,raw_accuracy,calibrated_accuracy,explicit_answer_rate,hedged_rate,mean_commitment_score,mean_log_odds,mean_yes_prob,mean_no_prob,mean_prompt_tokens,mean_completion_tokens,variant,threshold,val_accuracy
200,0.185,0.51,0.26,0.0,0.571,-1.364594468785956,6.715094480824746e-05,0.00021637697500977992,43.905,24.9,plain,-1.50641473596813,0.59
200,0.13,0.55,0.215,0.0,0.5579999999999999,-2.0670920935886277,2.4107238227299986e-05,0.00018478614036780529,52.905,25.0,anchored,-1.6676714040472513,0.595
