task,n_samples,accuracy,mean_prompt_tokens,mean_completion_tokens,mean_target_margin,mean_target_prob,mean_target_rank
gsm8k,30,0.16666666666666666,69.43333333333334,79.86666666666666,-10.045833333333333,3.821989054131336e-05,169.5
mmlu,60,0.31666666666666665,106.76666666666667,81.0,-14.484375,1.171692795987056e-06,709.7666666666667
strategyqa,30,0.5,25.2,81.0,-11.035416666666666,3.4688299050837185e-05,576.6333333333333
