{
  "task": "mmlu",
  "n_samples": 9,
  "greedy_accuracy": 0.5555555555555556,
  "mean_loss": 7.123758633931478,
  "std_loss": 4.166223243051642,
  "mean_completion_tokens": 16.22222222222222,
  "mean_prompt_tokens": 88.66666666666667
}