variant,stability_score,transition_entropy
plain,0.6416666666666666,1.8312822501647568
anchored,0.8916666666666666,1.4817232036970076
anchored_reason,0.7333333333333334,1.7724504243572934
anchored_xml,0.6583333333333333,1.8838984730536081
anchored_selfcheck,0.675,1.8607876096119125
answer_first,0.5416666666666667,1.6636196679783666
verbose,0.5833333333333333,1.9354401129547656
