letter,count,fraction
A,82,0.21409921671018275
B,127,0.33159268929503916
C,117,0.30548302872062666
D,57,0.14882506527415143
