letter,count,fraction
A,75,0.195822454308094
B,151,0.39425587467362927
C,63,0.16449086161879894
D,94,0.2454308093994778
