prompt_variant,subject,n_questions,original_accuracy,permuted_accuracy,consistency_score,content_stability,raw_bias_fraction
anchored,abstract_algebra,8,0.25,0.3854166666666667,0.5520833333333334,0.5520833333333334,0.5
anchored,college_mathematics,8,0.125,0.1875,0.46875,0.46875,0.4270833333333333
anchored,formal_logic,8,0.25,0.3125,0.6354166666666667,0.6354166666666667,0.4166666666666667
anchored,high_school_mathematics,8,0.25,0.30208333333333337,0.40625,0.40625,0.22916666666666666
anchored,logical_fallacies,8,1.0,0.90625,0.90625,0.90625,0.46875
