{
  "gsm8k": 0.14,
  "strategyqa": 0.38,
  "mmlu": 0.016666666666666666,
  "macro": 0.1788888888888889
}