{
  "gsm8k": 0.42,
  "strategyqa": 0.68,
  "mmlu": 0.48333333333333334,
  "macro": 0.5277777777777778
}