{
  "gsm8k": 0.46,
  "strategyqa": 0.74,
  "mmlu": 0.5166666666666667,
  "macro": 0.5722222222222223
}