{
  "gsm8k": 0.34,
  "strategyqa": 0.66,
  "mmlu": 0.48333333333333334,
  "macro": 0.49444444444444446
}