{
  "plain": {
    "pass1": 0.3575524047844259,
    "pass2": -0.7715608215315025
  },
  "anchored": {
    "pass1": 0.12148521728491257,
    "pass2": -1.266717910763334
  },
  "anchored_reason": {
    "pass1": -0.46616595764063506,
    "pass2": -1.2848786865200998
  },
  "anchored_xml": {
    "pass1": -3.694725463826977,
    "pass2": -4.290092391894809
  },
  "anchored_selfcheck": {
    "pass1": -3.879081204175274,
    "pass2": -4.5840046996090855
  },
  "answer_first": {
    "pass1": -3.444853530852482,
    "pass2": -0.822404336546015
  },
  "verbose": {
    "pass1": -3.8038029571084713,
    "pass2": -4.6314555754586495
  }
}