{
  "n_questions": 120,
  "n_variants": 7,
  "baseline_variant": "plain",
  "pass1_raw_accuracy": 0.45,
  "pass2_raw_accuracy": 0.4666666666666667,
  "pass1_cal_accuracy": 0.5833333333333334,
  "pass2_cal_accuracy": 0.6166666666666667,
  "pass1_commitment_mean": 0.6312500000000002,
  "pass2_commitment_mean": 0.6366666666666668,
  "improvement_rate": 0.14166666666666666,
  "regression_rate": 0.125,
  "prediction_change_rate": 0.35833333333333334,
  "text_change_rate": 0.8583333333333333
}