{
  "plain": {
    "pass1": 0.3575524047844259,
    "pass2": -0.6100791778551481
  },
  "anchored": {
    "pass1": 0.12148521728491257,
    "pass2": -0.766862490843038
  },
  "anchored_reason": {
    "pass1": -0.46616595764063506,
    "pass2": -1.2870772430386461
  },
  "anchored_xml": {
    "pass1": -3.694725463826977,
    "pass2": -3.529146481289173
  },
  "anchored_selfcheck": {
    "pass1": -3.879081204175274,
    "pass2": -3.055519000222955
  },
  "answer_first": {
    "pass1": -3.444853530852482,
    "pass2": -1.3847286529503577
  },
  "verbose": {
    "pass1": -3.8038029571084713,
    "pass2": -4.07794527581987
  }
}