bin,avg_conf,accuracy,count
0,0.07063463477888243,0.4,15
1,0.15254952036892167,0.5681818181818182,44
2,0.24380611921935502,0.4444444444444444,36
3,0.33884820198390425,0.45,20
4,0.44835962353917747,0.0,5
