bin,avg_conf,accuracy,count
1,0.18177692498654804,0.6666666666666666,3
2,0.27851631441404545,0.8333333333333334,6
3,0.3437776831285049,0.8333333333333334,12
4,0.4486390871302634,0.5384615384615384,26
5,0.5517058290540495,0.3888888888888889,36
6,0.652145240933627,0.24,25
7,0.7564350621421929,0.125,8
8,0.8335770066849748,0.5,4
