variant,strength,pass1_accuracy,pass2_accuracy,pass1_cal_accuracy,pass2_cal_accuracy,pass1_commitment_mean,pass2_commitment_mean,pass1_logodds_mean,pass2_logodds_mean,improvement_rate,regression_rate,text_change_rate,pred_change_rate,task
plain,0.0,0.45,0.4666666666666667,0.5833333333333334,0.6166666666666667,0.63125,0.6366666666666667,0.128306579589536,-1.425255743657453,0.14166666666666666,0.125,0.8583333333333333,0.35833333333333334,strategyqa
anchored,0.15,0.5666666666666667,0.55,0.5583333333333333,0.5583333333333333,0.65,0.6491666666666667,0.12031237284314604,-1.1760024706489205,0.041666666666666664,0.058333333333333334,0.7916666666666666,0.1,strategyqa
anchored_reason,0.35,0.625,0.5416666666666666,0.6333333333333333,0.575,0.64625,0.6429166666666667,-0.8017494837420853,-2.0547193209179135,0.08333333333333333,0.16666666666666666,0.9583333333333334,0.2833333333333333,strategyqa
answer_first,0.45,0.4666666666666667,0.18333333333333332,0.6083333333333333,0.5416666666666666,0.58625,0.54125,-3.3738469750960594,-2.9715072154350435,0.03333333333333333,0.31666666666666665,0.9083333333333333,0.48333333333333334,strategyqa
anchored_xml,0.55,0.55,0.5333333333333333,0.5583333333333333,0.5583333333333333,0.6629166666666666,0.6975,-4.313377920687638,-4.693278979962076,0.10833333333333334,0.125,0.9666666666666667,0.25833333333333336,strategyqa
anchored_selfcheck,0.75,0.6,0.575,0.5666666666666667,0.5416666666666666,0.66875,0.7412500000000001,-4.431691646475598,-4.601944350965602,0.10833333333333334,0.13333333333333333,0.9916666666666667,0.25,strategyqa
verbose,1.0,0.6166666666666667,0.525,0.5416666666666666,0.5666666666666667,0.7358333333333335,0.7591666666666668,-4.343834622608453,-5.13595479285233,0.10833333333333334,0.2,0.8666666666666667,0.31666666666666665,strategyqa
