n,pass1_accuracy,pass2_accuracy,improvement_rate,regression_rate,unchanged_rate,prediction_change_rate,text_change_rate,pass1_mean_commitment,pass2_mean_commitment,pass1_mean_tokens,pass2_mean_tokens,pass1_mean_text_len,pass2_mean_text_len,task
60,0.5,0.3,0.03333333333333333,0.23333333333333334,0.7333333333333333,0.6,1.0,0.6325000000000001,0.6941666666666666,204.4,256.6,431.3833333333333,563.0666666666667,gsm8k
60,0.6666666666666666,0.5,0.08333333333333333,0.25,0.6666666666666666,0.36666666666666664,1.0,0.6849999999999999,0.6708333333333333,47.96666666666667,48.95,161.15,161.33333333333334,strategyqa
